,date,job_title,company,location,keyword,link
0,2020-02-21,Psychiatrist,Saskdocs,"Prince Albert, SK",Accomodation,https://www.jobs.ca/offer/psychiatrist/63a0ca67-653f-41b8-8bb5-d27062ed7fea/
1,2020-11-12,"Advisor, Sales and Customer Service, Maskatel",Bell,"Saint-Hyacinthe, QC",Accomodation,https://www.jobs.ca/offer/advisor-sales-and-customer-service-maskatel/55d38304-66af-46ed-a592-29006f377134/
2,2020-10-13,Producer,Eastlink,"Simcoe, ON",Broadcasting,https://www.jobs.ca/offer/producer/bac3c914-005b-49e4-ac7f-3306c58c5b8d/
3,2020-12-17,"Video Graphic Artist, Part Time,CTV Winnipeg, Bell Media",Bell,"Winnipeg, MB",Broadcasting,https://www.jobs.ca/offer/video-graphic-artist-part-time-ctv-winnipeg-bell-media/537623c8-70ea-4c8c-954f-f9c1a22a62d3/
4,2020-11-06,Producer,Eastlink,"Sydney, NS",Broadcasting,https://www.jobs.ca/offer/producer/a83a1f9f-7213-49a8-9734-0b0e119fa658/
5,2020-10-06,Technical Producer,Eastlink,"Halifax, NS",Broadcasting,https://www.jobs.ca/offer/technical-producer/d9c421a5-11dd-40ed-9fb4-340bc62b129c/
6,2020-12-04,Customer Success Manager,Hootsuite,"Vancouver, BC",Publishing,https://www.jobs.ca/offer/customer-success-manager/abc11f34-d8da-4156-8c4d-b07643536473/
7,2020-12-21,Channel Development Specialist,BBTV,"Vancouver, BC",Publishing,https://www.jobs.ca/offer/channel-development-specialist/74a74051-f7cc-4b50-af04-a73391125163/
8,2020-12-19,Digital Media Associate,Shared Health,"United States, US",Publishing,https://www.jobs.ca/offer/digital-media-associate/b22089bc-7443-40f1-853a-430315f8e6a9/
9,2020-12-12,Digital Media Marketing Specialist,PAL Airlines,"Moncton, NB",Publishing,https://www.jobs.ca/offer/digital-media-marketing-specialist/8d34a4ee-0dc5-4f7a-a07b-a406648b3757/
10,2020-11-27,Admin Assistant,CBI Health Group,"Bridgewater, NS",Publishing,https://www.jobs.ca/offer/admin-assistant/084a4541-928a-49ef-8c75-5f10512cb6d5/
11,2020-07-21,Admin Assistant,CBI Health Group,"Upper Tantallon, NS",Publishing,https://www.jobs.ca/offer/admin-assistant/a86da3a1-1413-424f-b369-6ae3e6850b21/
12,2020-12-22,Ward Clerk/Receptionist (Temporary Full Time) - Extendicare Halton Hills,Extendicare Canada Inc.,"Georgetown, ON",Publishing,https://www.jobs.ca/offer/ward-clerk-receptionist-temporary-full-time-extendicare-halton-hills/0c30a516-b73f-42b1-90c1-d28115e10d80/
13,2020-12-16,Receptionist (Permanent Part-Time) - Extendicare Fairmont Park,Extendicare Canada Inc.,"Lethbridge, AB",Publishing,https://www.jobs.ca/offer/receptionist-permanent-part-time-extendicare-fairmont-park/14850241-57df-4c3f-9a05-cafa623a28e5/
14,2020-12-16,"Administrative Assistant - Abbotsford, BC",CBI Health Group,"Abbotsford, BC",Publishing,https://www.jobs.ca/offer/administrative-assistant-abbotsford-bc/5264876f-df87-44d0-a401-4cead2598c49/
15,2020-12-16,"Part Time Administrative Assistant - Prince George, BC",CBI Health Group,"Prince George, BC",Publishing,https://www.jobs.ca/offer/part-time-administrative-assistant-prince-george-bc/c9a7c865-9a9f-49fd-a0ce-2e922e6aff86/
56,2020-11-09,National Account Executive,McCain Foods,"Brampton, ON",Food,https://www.jobs.ca/offer/national-account-executive/cd744378-010e-4f24-a619-55cd689f28f8/
57,2020-10-16,Account Executive - Aramark Refreshments,Aramark Canada,"Montreal, QC",Food,https://www.jobs.ca/offer/account-executive-aramark-refreshments/3cc22e0d-4c1d-4723-99b6-0cceb134727b/
58,2020-11-16,Food & Beverage Staff,Mount Seymour,"Vancouver, BC",Food,https://www.jobs.ca/offer/food-beverage-staff/52b8d7e2-a3e3-424d-9241-8b3155dbe1aa/
59,2020-11-05,"Nutrition Aide, Food Delivery",University Health Network,"Toronto, ON",Food,https://www.jobs.ca/offer/nutrition-aide-food-delivery/ad476734-e45a-4e4b-9e5c-d8eb5763c41d/
60,2020-10-29,Nutrition Aide (Food Delivery),University Health Network,"Toronto, ON",Food,https://www.jobs.ca/offer/nutrition-aide-food-delivery/a037f16f-9473-4657-9b33-2e0d57367c8f/
61,2020-11-19,Nutrition Aide (Food Delivery),University Health Network,"Toronto, ON",Food,https://www.jobs.ca/offer/nutrition-aide-food-delivery/0b695bc9-da56-4f23-a6e4-5e4fea908743/
62,2020-10-29,Nutrition Aide (Food Delivery),University Health Network,"Toronto, ON",Food,https://www.jobs.ca/offer/nutrition-aide-food-delivery/d6f7ae10-92dd-42f8-963e-027db6bd0c76/
63,2020-11-23,Product Manager Food Service,McCormick Canada,"Mississauga, ON",Food,https://www.jobs.ca/offer/product-manager-food-service/9956266b-d0e7-42a5-871c-4aaa1c52f204/
64,2020-12-21,Dietetic Technician - Nutrition & Food Services,Nova Scotia Health Authority,"Halifax, NS",Food,https://www.jobs.ca/offer/dietetic-technician-nutrition-food-services/574d8692-db76-44b4-a838-8d0e78c61a38/
65,2020-10-08,Nutrition Aide (Cold Food Assembly),University Health Network,"Toronto, ON",Food,https://www.jobs.ca/offer/nutrition-aide-cold-food-assembly/80d8aec7-b2af-48c6-a373-36c62e708617/
1056,2020-12-01,"Supervisor, Voice & Data Networks",The Regional Municipality of Halton,"Oakville, ON",Telecommunications,https://www.jobs.ca/offer/supervisor-voice-data-networks/3033275a-fb39-4026-8915-b79dc9bede08/
1057,2020-12-04,HFW Program Manager,Xplornet,"Calgary, AB",Telecommunications,https://www.jobs.ca/offer/hfw-program-manager/0a3e9287-8a5d-4a62-95cf-3573e91c917d/
1058,2020-12-01,"Service Technician - Espanola, ON",Eastlink,"Espanola, ON",Telecommunications,https://www.jobs.ca/offer/service-technician-espanola-on/661c2e66-59b2-488f-865e-286d8b2bc787/
1059,2020-11-23,"Supervisor, Technical Services - Command Center / NOC",Wawanesa Insurance,"Winnipeg, MB",Telecommunications,https://www.jobs.ca/offer/supervisor-technical-services-command-center-noc/13432560-010b-4a43-9cb9-517c3156c384/
1060,2020-01-29,"Combination Technician A, Norman Wells",Northwestel,"Norman Wells, NT",Telecommunications,https://www.jobs.ca/offer/combination-technician-a-norman-wells/cf87e190-53be-4c01-b73f-26fe22a4ffcd/
1061,2020-12-14,Network and Telecommunications Administrator,DELAN - IT Head Hunters,"Montreal, QC",Telecommunications,https://www.jobs.ca/offer/network-and-telecommunications-administrator/0ffb1a6a-21e7-4d19-9dc6-11d80b388a77/
1062,2020-09-15,Cable Splicer,Northwestel,"Whitehorse, YT",Telecommunications,https://www.jobs.ca/offer/cable-splicer/5fbf2db9-ddf8-42a8-a26c-9626a41b8fc6/
1063,2020-12-15,Technical Specialist-NOC,Eastlink,"Halifax, NS",Telecommunications,https://www.jobs.ca/offer/technical-specialist-noc/c99e2109-7c7d-4752-9377-398cd0f45a76/
1064,2020-10-23,Combination Technician B,Northwestel,"Iqaluit, NU",Telecommunications,https://www.jobs.ca/offer/combination-technician-b/5103d0da-7a3d-472a-9fd6-d038f825d0f6/
1065,2020-05-26,Combination Outside Plant/Service Tech,Northwestel,"Iqaluit, NU",Telecommunications,https://www.jobs.ca/offer/combination-outside-plant-service-tech/6f7e7cbc-4135-4011-bd9b-f23fb86264d2/
1206,2020-10-15,Cardiac Technologist (Casual) - Surrey,LifeLabs,"Surrey, BC",Recording,https://www.jobs.ca/offer/cardiac-technologist-casual-surrey/2c50f0e1-e05e-45cf-b768-ea70dcbc38e7/
1207,2020-12-17,Maintenance Engineer,Mount Seymour,"Vancouver, BC",Recording,https://www.jobs.ca/offer/maintenance-engineer/cfc40592-1f81-4659-8328-b561fae88718/
1208,2020-10-01,Crop Care Worker,Sunset,"Kingsville, ON",Recording,https://www.jobs.ca/offer/crop-care-worker/1c763872-9ad4-4f1f-955f-15ffa3bd30a8/
1209,2020-11-20,QC Technician II,Thermo Fisher Scientific,"Ottawa, ON",Recording,https://www.jobs.ca/offer/qc-technician-ii/bf4124e9-6d51-406c-be01-238b1a63cfe0/
1210,2020-10-30,Forklift Operator - Raymond Reach/Tugger Operator,Cosma International,"Milton, ON",Recording,https://www.jobs.ca/offer/forklift-operator-raymond-reach-tugger-operator/32f11a9a-cfe2-454f-a4ed-9580caaff86b/
1211,2020-10-20,Forklift Operator,Cosma International,"Milton, ON",Recording,https://www.jobs.ca/offer/forklift-operator/156038e8-5545-42b4-a9a3-3597aa29e59a/
1212,2020-10-20,Forklift Operator,Cosma International,"Milton, ON",Recording,https://www.jobs.ca/offer/forklift-operator/01cb000b-d203-4ff9-bcdb-a99a0724975c/
1213,2020-09-18,Forklift Operator,Cosma International,"Milton, ON",Recording,https://www.jobs.ca/offer/forklift-operator/2a0ab002-65ae-4c19-9077-6668adc78a3d/
1214,2020-09-17,Forklift Operator,Cosma International,"Milton, ON",Recording,https://www.jobs.ca/offer/forklift-operator/54a0b792-80bf-4894-89cd-8f58eaba1206/
1215,2020-09-14,Forklift Operator,Cosma International,"Milton, ON",Recording,https://www.jobs.ca/offer/forklift-operator/c24c41d2-33e5-4630-9211-62acf77d68c3/
1286,2020-12-18,Summer Arts Camp Assistant,City of Cambridge,"Cambridge, ON",Recreation,https://www.jobs.ca/offer/summer-arts-camp-assistant/75885870-3290-41a1-b088-a24e91fd7be4/
1287,2020-12-16,Golf Pro Shop Attendant,City of Mississauga,"Mississauga, ON",Recreation,https://www.jobs.ca/offer/golf-pro-shop-attendant/693a340a-68f9-4830-b3a4-292afe27a3e1/
1288,2020-12-01,"Part-time Faculty, General Arts & Sciences",Conestoga College,"Kitchener, ON",Recreation,https://www.jobs.ca/offer/part-time-faculty-general-arts-sciences/018b19ec-0cd7-4b30-9b33-e551c6641ae4/
1289,2020-11-26,Aquatic Informatics - Software Development Co-op,Danaher,"Vancouver, BC",Recreation,https://www.jobs.ca/offer/aquatic-informatics-software-development-co-op/6c654430-f25c-4b70-bd3e-1bf798192fbe/
1290,2020-11-04,Concept Artist,Beamdog,"Edmonton, AB",Recreation,https://www.jobs.ca/offer/concept-artist/252bfa72-7c7c-4ca3-88d6-d1e7af9c9e40/
1291,2020-12-19,Production supervisors,Recrutement ART inc.,"Yamachiche, QC",Recreation,https://www.jobs.ca/offer/production-supervisors/7dc629cf-b19d-4ae6-bb51-df22996ef4c0/
1292,2020-11-06,Producer,Eastlink,"Sydney, NS",Recreation,https://www.jobs.ca/offer/producer/a83a1f9f-7213-49a8-9734-0b0e119fa658/
1293,2020-11-03,Aquatic Informatics - Order Management Administrator,Danaher,"Vancouver, BC",Recreation,https://www.jobs.ca/offer/aquatic-informatics-order-management-administrator/b2ddc347-0a8e-40d1-8fbe-309d9b717ca5/
1294,2020-10-30,Aquatic Informatics - Junior Accountant,Danaher,"Vancouver, BC",Recreation,https://www.jobs.ca/offer/aquatic-informatics-junior-accountant/dba1f08e-dd03-4022-84ba-0e36af5ea33c/
1295,2020-10-20,"Director, Art Direction",Holt Renfrew,"Toronto, ON",Recreation,https://www.jobs.ca/offer/director-art-direction/ae94c931-01f7-4cf5-98c7-58de79c81f00/
1526,2020-12-08,"Maligne Lake, Staff Camp Coordinator $19/hr",Pursuit Collection,"Jasper, AB",Hosting,https://www.jobs.ca/offer/maligne-lake-staff-camp-coordinator-19-hr/ab6f9384-5f21-44fc-9041-656a5bf15277/
1527,2020-12-18,Site Reliability Specialist 1,University of Alberta,"Edmonton, AB",Hosting,https://www.jobs.ca/offer/site-reliability-specialist-1/48ebb19d-704a-4c1e-be4e-af75330b408c/
1528,2020-12-17,.Net Analyst-programmer,Larochelle Groupe Conseil,"Quebec, QC",Hosting,https://www.jobs.ca/offer/net-analyst-programmer/315d25a0-91c3-475c-8990-246d799fdd6a/
1529,2020-10-30,Senior Software Developer,PAL Airlines,"Halifax, NS",Hosting,https://www.jobs.ca/offer/senior-software-developer/9c6974e9-8ac0-4a98-8453-f4be2f2fcb68/
1530,2020-10-15,Chief Information Security Architect,Scotiabank,"Toronto, ON",Hosting,https://www.jobs.ca/offer/chief-information-security-architect/ea357c37-2f05-4a98-8902-3700f563e394/
1531,2020-04-28,Remote Event Host,Sport & Social Club,"Toronto, ON",Hosting,https://www.jobs.ca/offer/remote-event-host/fc954052-20dd-4bb4-be1b-07c4338abdd8/
1532,2020-12-14,"Columbia Icefield, Operations Coordinator $19/hr",Pursuit Collection,"Jasper, AB",Hosting,https://www.jobs.ca/offer/columbia-icefield-operations-coordinator-19-hr/ddf26ff7-7d9b-4eb4-9864-66c95aaf482c/
1533,2020-12-08,"Columbia Icefield, Altitude Server $15/hr",Pursuit Collection,"Jasper, AB",Hosting,https://www.jobs.ca/offer/columbia-icefield-altitude-server-15-hr/ef60c566-7a28-4087-87ed-585dc1024426/
1534,2020-12-10,Senior Event Planner,Enchant Christmas,"Vancouver, BC",Hosting,https://www.jobs.ca/offer/senior-event-planner/fc21f102-e6d9-4a18-a0b6-94290c74e0aa/
1535,2020-11-25,Network Analyst,Continent 8,"Montreal, QC",Hosting,https://www.jobs.ca/offer/network-analyst/790db93a-fe64-4cf8-b17e-958b074301ff/
1556,2020-12-12,Wholesale Insurance Broker,BFL CANADA,"Vancouver, BC",Wholesale,https://www.jobs.ca/offer/wholesale-insurance-broker/b9af0228-e295-4dcd-9bd5-231c747b90df/
1557,2020-11-05,"Director, Operations Technology, Global Wholesale Risk Technology",Scotiabank,"Toronto, ON",Wholesale,https://www.jobs.ca/offer/director-operations-technology-global-wholesale-risk-technology/81709afe-3fbe-4b41-a989-5747891a0c56/
1558,2020-04-28,Wholesale Parts Advisor - OpenRoad Honda and Brampton East Toyota,OpenRoad Auto Group,"Brampton, ON",Wholesale,https://www.jobs.ca/offer/wholesale-parts-advisor-openroad-honda-and-brampton-east-toyota/77a92655-e37a-4dc9-9924-b704dc27eb54/
1559,2020-12-23,"Senior Manager, Supply Chain & Planning, Cannabis Operations",BC Liquor Stores,"Burnaby, BC",Wholesale,https://www.jobs.ca/offer/senior-manager-supply-chain-planning-cannabis-operations/82ade18c-535e-4620-bf9d-b8543d866859/
1560,2020-12-23,"Vendor Relations Manager, Cannabis Operations",BC Liquor Stores,"Burnaby, BC",Wholesale,https://www.jobs.ca/offer/vendor-relations-manager-cannabis-operations/adfab549-cbb8-4330-8ede-7a62107418eb/
1561,2020-12-23,"Demand Planner, Cannabis Operations",BC Liquor Stores,"Burnaby, BC",Wholesale,https://www.jobs.ca/offer/demand-planner-cannabis-operations/dfa82948-0515-4ad6-9ae2-b54b3a00022b/
1562,2020-12-16,"Compliance Analyst, Temporary",BC Liquor Stores,"Burnaby, BC",Wholesale,https://www.jobs.ca/offer/compliance-analyst-temporary/801841a8-a125-48bd-86d4-59a09f8d5228/
1563,2020-12-16,"Senior Developer, SOA/Osb",BC Liquor Stores,"Burnaby, BC",Wholesale,https://www.jobs.ca/offer/senior-developer-soa-osb/2d66e741-3193-4a5d-8e2a-cd0bc4864b22/
1564,2020-12-12,"Director, Marketing, Ecommerce & Customer Care, Cannabis Operations",BC Liquor Stores,"Burnaby, BC",Wholesale,https://www.jobs.ca/offer/director-marketing-ecommerce-customer-care-cannabis-operations/de846723-7214-4974-81bf-aa7423878b06/
1565,2020-12-09,"Senior Developer, Temporary",BC Liquor Stores,"Burnaby, BC",Wholesale,https://www.jobs.ca/offer/senior-developer-temporary/b0e46de9-0902-44c8-9a61-1a6fce817739/
1886,2020-11-10,"Dufferin Construction - Snow Camp Operators - Gta, ON",Dufferin Construction,"Toronto, ON",Construction,https://www.jobs.ca/offer/dufferin-construction-snow-camp-operators-gta-on/95e7b498-915a-4da9-9d9c-39841781a32e/
1887,2020-01-31,Construction Lead,Canadian Nuclear Laboratories (CNL),"Port Hope, ON",Construction,https://www.jobs.ca/offer/construction-lead/cc928e81-8d34-4971-bb8d-547e281f8b6d/
1888,2020-04-28,Equipment Operator - Winter Road Construction,Tlicho,"Yellowknife, NT",Construction,https://www.jobs.ca/offer/equipment-operator-winter-road-construction/03a206d6-d7a9-48fd-a45a-c4ad4868669b/
1889,2020-10-16,Bathroom Remodeler,Handyman Connection,"Kitchener, ON",Construction,https://www.jobs.ca/offer/bathroom-remodeler/28a21c00-0e72-4e6a-8a38-dfb4ea20ee91/
1890,2020-07-22,Construction Layout Surveyor,B&B Contracting,"Surrey, BC",Construction,https://www.jobs.ca/offer/construction-layout-surveyor/688c585f-d411-4a9b-9c37-e4f694d47766/
1891,2020-10-26,Manager â€“ Construction Management,Groupe BBA inc.,"Montreal, QC",Construction,https://www.jobs.ca/offer/manager-construction-management/9a21c738-5d40-4b41-8283-5fe6760c6174/
1892,2020-07-30,Regional Maintainer Electrical,Independent Electricity System Operator (IESO),"Mississauga, ON",Construction,https://www.jobs.ca/offer/regional-maintainer-electrical/025babdf-62cf-4a0c-8637-fc8b56a1a253/
1893,2020-10-15,Crew Leader,The Grounds Guys,"Woodbridge, ON",Construction,https://www.jobs.ca/offer/crew-leader/275fe9a4-b369-4a12-911f-f1a0ef22ef51/
1894,2020-10-15,Crew Leader,The Grounds Guys,"Kleinburg, ON",Construction,https://www.jobs.ca/offer/crew-leader/8ff309a1-57f3-4267-8b18-d2a95821fb38/
1895,2020-12-16,Seasonal Utility Heavy Equipment Operator - 7/7 Shift,Bouchier,"Fort McMurray, AB",Construction,https://www.jobs.ca/offer/seasonal-utility-heavy-equipment-operator-7-7-shift/a8b250d9-be2a-4886-8760-5fde0eedc8c1/
2866,2020-10-12,Retail Visual Merchandiser 20-21,Big White Ski Resort,"Kelowna, BC",Retail,https://www.jobs.ca/offer/retail-visual-merchandiser-20-21/7d6737ca-31d4-4050-b90c-8ced83d52c42/
2867,2020-11-12,Seasonal Store Advisor (2 month opportunity),Mountain Equipment Co-op,"Calgary, AB",Retail,https://www.jobs.ca/offer/seasonal-store-advisor-2-month-opportunity/d58ab3d8-711d-4ef1-8924-51fbf16609eb/
2868,2020-10-09,Seasonal Store Advisor (3 months opportunity),Mountain Equipment Co-op,"Edmonton, AB",Retail,https://www.jobs.ca/offer/seasonal-store-advisor-3-months-opportunity/0680cdf7-a1e0-4f5e-aebc-b504d2038633/
2869,2020-09-11,Seasonal Store Advisor - 3 month opportunity,Mountain Equipment Co-op,"Winnipeg, MB",Retail,https://www.jobs.ca/offer/seasonal-store-advisor-3-month-opportunity/067fadf7-ac95-4624-bcdf-f8a0b80153d2/
2870,2020-09-10,Seasonal Store Advisor (3 month opportunity),Mountain Equipment Co-op,"Halifax, NS",Retail,https://www.jobs.ca/offer/seasonal-store-advisor-3-month-opportunity/63da2a6f-d3dd-4aa3-8521-3952578126af/
2871,2020-09-08,Seasonal Store Advisor (3 month opportunity),Mountain Equipment Co-op,"Toronto, ON",Retail,https://www.jobs.ca/offer/seasonal-store-advisor-3-month-opportunity/b7124796-ad9a-46ab-bdfd-456711e064cb/
2872,2020-09-08,Seasonal Store Advisor (3 Month Opportunity),Mountain Equipment Co-op,"Kelowna, BC",Retail,https://www.jobs.ca/offer/seasonal-store-advisor-3-month-opportunity/74853cd6-ffb7-460b-a2ab-6c7856174ab4/
2873,2020-09-04,Seasonal Store Advisor (3 month opportunity),Mountain Equipment Co-op,"North York, ON",Retail,https://www.jobs.ca/offer/seasonal-store-advisor-3-month-opportunity/051a9e3d-601b-4d7e-bd36-68da40c9549a/
2874,2020-10-16,Service Ambassador - Casual,London Drugs,"Abbotsford, BC",Retail,https://www.jobs.ca/offer/service-ambassador-casual/77674f50-44f6-4625-933c-ff91190c6971/
2875,2020-12-09,Sales Advisor - Grandview,DeSerres,"Vancouver, BC",Retail,https://www.jobs.ca/offer/sales-advisor-grandview/7c0894e1-d7a8-490b-9a4d-7724f97485f4/
